id;user_id;address;privatekey
1;1;0x1162A635B4fD4c28AFe9076DD4c1070CE055F887;0x6db1ef4742b12776a0d3534e286815ff65f7e8f76cd32237fc434720f7ef16e5
2;2;0x623dDa19C26a2d4Ed5f03b5050bB23EbE47CB6fe;0xef00f9e2bec34f7525ec25333b0465c30c43e478a4c659c45203b071da1ace4b
3;3;0xc8606900f11519f668Fcf2055Bb344d5386B036a;0x3caa4863016d2f1e2c2b1fb057efd595209ca6456ceb57521cd13612c327552e
4;4;0x91c9c013eC3128E36deE32c68B3C3c2f4dcb9f6D;0x2346c54fa902650467f60d06f7e253054fed39cde0524eced80e97d83a1f5044
5;5;0x4d33715D0ae75623061A5423f6E508adccd90656;0x875edcb4d7419d82e0c55b4c2f4ee2b5a22160d509444affdd22bae7cc9b8288
6;6;0x6662F78013395504FDDcA0A6E7c640CfC76040c1;0x1cd47768f8fe97e242ae7206ab8ae19f543f65d4c8cbdf25f3c1f43d6342ab19
7;7;0x41ECeDb489113E83936758b04F54851Cc3fbCB32;0x62b9b9bdf09740f75658eed42c200f07c22cd72ec577b74741de5e2f23c596a3
8;8;0xA5C8E4B496b04d094BeC5Aa6fbda266C05421e98;0x197bc938ebb4f52ede22242b2e67f771797cbf8f0dc5e41a446a98799b7d81fd
9;9;0x32419552E9Cb45C95ce6E74f3762B05754fdDD66;0x0d9cb0b979eb2e80da6f6d5ad2eaf085d77cebed50f2586d88943a3db86d9bd2
10;10;0x351ef505d4b89a5D2E9B676FE6e5FaB8Bc4E0F23;0xe19ad0d36e79537ebee80f268e78608528dd4422cb32d498dbbb7eb9edea18e4
