id;hash;sub_amt;create_at;update_at
1;Missouri Handmade;50696;2022-09-28T12:53:16;2022-09-28T20:23:34
2;Senior;41558;2022-09-28T22:28:51;2022-09-28T20:34:05
3;Antigua violet blue;20427;2022-09-29T11:13:48;2022-09-28T15:38:23
4;Executive;49984;2022-09-29T04:51:18;2022-09-29T10:47:28
5;generating;92295;2022-09-28T11:52:00;2022-09-29T00:39:06
6;Developer Pizza Wooden;13051;2022-09-29T06:14:57;2022-09-28T16:21:23
7;system blue;56277;2022-09-29T06:03:58;2022-09-28T19:19:10
8;mission-critical Account;74937;2022-09-28T12:01:44;2022-09-29T07:29:36
9;encoding architectures;14222;2022-09-29T10:37:59;2022-09-29T01:54:53
10;Table Rubber;69016;2022-09-28T14:59:52;2022-09-28T19:18:50
